{
  "name": "siyuan-floating-toc-plugin",
  "author": "ShuoJie",
  "url": "https://github.com/shuojie819/siyuan-floating-toc",
  "version": "0.1.0",
  "minAppVersion": "2.10.0",
  "script": "index.js",
  "description": {
    "default": "Floating Table of Contents for SiYuan Note",
    "zh_CN": "思源笔记悬浮大纲插件"
  },
  "displayName": {
    "default": "Floating TOC",
    "zh_CN": "悬浮大纲"
  },
  "readme": {
    "default": "README.md",
    "zh_CN": "README.md"
  },
  "icon": "icon.png",
  "backends": [],
  "i18n": [
    "zh_CN",
    "en_US"
  ]
}
